

/* Data for the `provincias` table  (Records 1 - 16) */


INSERT INTO "provincias" ("id", "cod", "title")
VALUES (1, 'PR', 'Pinar del rio');

INSERT INTO "provincias" ("id", "cod", "title")
VALUES (2, 'ART', 'Artemisa');

INSERT INTO "provincias" ("id", "cod", "title")
VALUES (3, 'HAB', 'La Habana');

INSERT INTO "provincias" ("id", "cod", "title")
VALUES (4, 'MAB', 'Mayabeque');

INSERT INTO "provincias" ("id", "cod", "title")
VALUES (5, 'MTZ', 'Matanzas');

INSERT INTO "provincias" ("id", "cod", "title")
VALUES (6, 'CF', 'Cienfuegos');

INSERT INTO "provincias" ("id", "cod", "title")
VALUES (7, 'VC', 'Villa Clara');

INSERT INTO "provincias" ("id", "cod", "title")
VALUES (8, 'SS', 'Sancti Spiritus');

INSERT INTO "provincias" ("id", "cod", "title")
VALUES (9, 'CA', 'Ciego de Ávila');

INSERT INTO "provincias" ("id", "cod", "title")
VALUES (10, 'LT', 'Las Tunas');

INSERT INTO "provincias" ("id", "cod", "title")
VALUES (11, 'CMG', 'Camaguey');

INSERT INTO "provincias" ("id", "cod", "title")
VALUES (12, 'HG', 'Holguín');

INSERT INTO "provincias" ("id", "cod", "title")
VALUES (13, 'GR', 'Granma');

INSERT INTO "provincias" ("id", "cod", "title")
VALUES (14, 'SC', 'Santiago de Cuba');

INSERT INTO "provincias" ("id", "cod", "title")
VALUES (15, 'GTMO', 'Guantánamo');

INSERT INTO "provincias" ("id", "cod", "title")
VALUES (16, 'IJ', 'Isla de la Juventud');




/* Data for the `municipios` table  (Records 1 - 168) */


INSERT INTO "municipios" ("id", "provincia_id", "title", "prosp_urbana")
VALUES (1, 1, 'Sandino', 13.56);

INSERT INTO "municipios" ("id", "provincia_id", "title", "prosp_urbana")
VALUES (2, 1, 'Mantua', 8.89);

INSERT INTO "municipios" ("id", "provincia_id", "title", "prosp_urbana")
VALUES (3, 1, 'Minas de Matahambre', 11.64);

INSERT INTO "municipios" ("id", "provincia_id", "title", "prosp_urbana")
VALUES (4, 1, 'Viñales', 10.42);

INSERT INTO "municipios" ("id", "provincia_id", "title", "prosp_urbana")
VALUES (5, 1, 'La Palma', 12.43);

INSERT INTO "municipios" ("id", "provincia_id", "title", "prosp_urbana")
VALUES (6, 1, 'Los Palacios', 14.24);

INSERT INTO "municipios" ("id", "provincia_id", "title", "prosp_urbana")
VALUES (7, 1, 'Consolación del Sur', 31.69);

INSERT INTO "municipios" ("id", "provincia_id", "title", "prosp_urbana")
VALUES (8, 1, 'Pinar del Río', 68.29);

INSERT INTO "municipios" ("id", "provincia_id", "title", "prosp_urbana")
VALUES (9, 1, 'San Luis', 11.87);

INSERT INTO "municipios" ("id", "provincia_id", "title", "prosp_urbana")
VALUES (10, 1, 'San Juan y Martínez', 15.69);

INSERT INTO "municipios" ("id", "provincia_id", "title", "prosp_urbana")
VALUES (11, 1, 'Guane', 13.16);

INSERT INTO "municipios" ("id", "provincia_id", "title", "prosp_urbana")
VALUES (12, 2, 'Bahía Honda', 60.04);

INSERT INTO "municipios" ("id", "provincia_id", "title", "prosp_urbana")
VALUES (13, 2, 'Mariel', 63.11);

INSERT INTO "municipios" ("id", "provincia_id", "title", "prosp_urbana")
VALUES (14, 2, 'Guanajay', 38.97);

INSERT INTO "municipios" ("id", "provincia_id", "title", "prosp_urbana")
VALUES (15, 2, 'Caimito', 58.42);

INSERT INTO "municipios" ("id", "provincia_id", "title", "prosp_urbana")
VALUES (16, 2, 'Bauta', 70.55);

INSERT INTO "municipios" ("id", "provincia_id", "title", "prosp_urbana")
VALUES (17, 2, 'San Antonio de los Baños', 72.02);

INSERT INTO "municipios" ("id", "provincia_id", "title", "prosp_urbana")
VALUES (18, 2, 'Güira de Melena', 56.03);

INSERT INTO "municipios" ("id", "provincia_id", "title", "prosp_urbana")
VALUES (19, 2, 'Alquizar', 46.94);

INSERT INTO "municipios" ("id", "provincia_id", "title", "prosp_urbana")
VALUES (20, 2, 'Artemisa', 119.04);

INSERT INTO "municipios" ("id", "provincia_id", "title", "prosp_urbana")
VALUES (21, 2, 'Candelaria', 29.25);

INSERT INTO "municipios" ("id", "provincia_id", "title", "prosp_urbana")
VALUES (22, 2, 'San Cristóbal', 98.83);

INSERT INTO "municipios" ("id", "provincia_id", "title", "prosp_urbana")
VALUES (23, 3, 'Playa', 426.77);

INSERT INTO "municipios" ("id", "provincia_id", "title", "prosp_urbana")
VALUES (24, 3, 'Plaza de la Revolución', 372.55);

INSERT INTO "municipios" ("id", "provincia_id", "title", "prosp_urbana")
VALUES (25, 3, 'Centro Habana', 372.55);

INSERT INTO "municipios" ("id", "provincia_id", "title", "prosp_urbana")
VALUES (26, 3, 'Habana Vieja', 372.55);

INSERT INTO "municipios" ("id", "provincia_id", "title", "prosp_urbana")
VALUES (27, 3, 'Regla', 372.55);

INSERT INTO "municipios" ("id", "provincia_id", "title", "prosp_urbana")
VALUES (28, 3, 'Habana del Este', 457.55);

INSERT INTO "municipios" ("id", "provincia_id", "title", "prosp_urbana")
VALUES (29, 3, 'Guanabacoa', 426.77);

INSERT INTO "municipios" ("id", "provincia_id", "title", "prosp_urbana")
VALUES (30, 3, 'San Miguel del Padrón', 457.55);

INSERT INTO "municipios" ("id", "provincia_id", "title", "prosp_urbana")
VALUES (31, 3, 'Diez de Octubre', 457.55);

INSERT INTO "municipios" ("id", "provincia_id", "title", "prosp_urbana")
VALUES (32, 3, 'Cerro', 372.55);

INSERT INTO "municipios" ("id", "provincia_id", "title", "prosp_urbana")
VALUES (33, 3, 'Marianao', 426.77);

INSERT INTO "municipios" ("id", "provincia_id", "title", "prosp_urbana")
VALUES (34, 3, 'La Lisa', 426.77);

INSERT INTO "municipios" ("id", "provincia_id", "title", "prosp_urbana")
VALUES (35, 3, 'Boyeros', 426.77);

INSERT INTO "municipios" ("id", "provincia_id", "title", "prosp_urbana")
VALUES (36, 3, 'Arroyo Naranjo', 457.55);

INSERT INTO "municipios" ("id", "provincia_id", "title", "prosp_urbana")
VALUES (37, 3, 'Cotorro', 457.55);

INSERT INTO "municipios" ("id", "provincia_id", "title", "prosp_urbana")
VALUES (49, 4, 'Bejucal', 10.08);

INSERT INTO "municipios" ("id", "provincia_id", "title", "prosp_urbana")
VALUES (50, 4, 'San José de las Lajas', 27.41);

INSERT INTO "municipios" ("id", "provincia_id", "title", "prosp_urbana")
VALUES (51, 4, 'Jaruco', 8.6);

INSERT INTO "municipios" ("id", "provincia_id", "title", "prosp_urbana")
VALUES (52, 4, 'Santa Cruz del Norte', 12.42);

INSERT INTO "municipios" ("id", "provincia_id", "title", "prosp_urbana")
VALUES (53, 4, 'Madruga', 8.57);

INSERT INTO "municipios" ("id", "provincia_id", "title", "prosp_urbana")
VALUES (54, 4, 'Nueva Paz', 8.58);

INSERT INTO "municipios" ("id", "provincia_id", "title", "prosp_urbana")
VALUES (55, 4, 'San Nicolás', 7.47);

INSERT INTO "municipios" ("id", "provincia_id", "title", "prosp_urbana")
VALUES (56, 4, 'Güines', 23.27);

INSERT INTO "municipios" ("id", "provincia_id", "title", "prosp_urbana")
VALUES (57, 4, 'Melena del Sur', 7.35);

INSERT INTO "municipios" ("id", "provincia_id", "title", "prosp_urbana")
VALUES (58, 4, 'Batabanó', 9.76);

INSERT INTO "municipios" ("id", "provincia_id", "title", "prosp_urbana")
VALUES (59, 4, 'Quivicán', 10.68);

INSERT INTO "municipios" ("id", "provincia_id", "title", "prosp_urbana")
VALUES (60, 5, 'Matanzas', 77.22);

INSERT INTO "municipios" ("id", "provincia_id", "title", "prosp_urbana")
VALUES (61, 5, 'Cárdenas', 76.41);

INSERT INTO "municipios" ("id", "provincia_id", "title", "prosp_urbana")
VALUES (62, 5, 'Martí', 10.84);

INSERT INTO "municipios" ("id", "provincia_id", "title", "prosp_urbana")
VALUES (63, 5, 'Colón', 33);

INSERT INTO "municipios" ("id", "provincia_id", "title", "prosp_urbana")
VALUES (64, 5, 'Perico', 14.92);

INSERT INTO "municipios" ("id", "provincia_id", "title", "prosp_urbana")
VALUES (65, 5, 'Jovellanos', 27.77);

INSERT INTO "municipios" ("id", "provincia_id", "title", "prosp_urbana")
VALUES (66, 5, 'Pedro Betancourt', 14.44);

INSERT INTO "municipios" ("id", "provincia_id", "title", "prosp_urbana")
VALUES (67, 5, 'Limonar', 16.98);

INSERT INTO "municipios" ("id", "provincia_id", "title", "prosp_urbana")
VALUES (68, 5, 'Unión de Reyes', 5.03);

INSERT INTO "municipios" ("id", "provincia_id", "title", "prosp_urbana")
VALUES (69, 5, 'Ciénaga de Zapata', 29.29);

INSERT INTO "municipios" ("id", "provincia_id", "title", "prosp_urbana")
VALUES (70, 5, 'Jagüey Grande', 13.47);

INSERT INTO "municipios" ("id", "provincia_id", "title", "prosp_urbana")
VALUES (71, 5, 'Calimete', 11.53);

INSERT INTO "municipios" ("id", "provincia_id", "title", "prosp_urbana")
VALUES (72, 5, 'Los Arabos', 14.49);

INSERT INTO "municipios" ("id", "provincia_id", "title", "prosp_urbana")
VALUES (73, 7, 'Corralillo', 13.62);

INSERT INTO "municipios" ("id", "provincia_id", "title", "prosp_urbana")
VALUES (74, 7, 'Quemado de Güines', 11.24);

INSERT INTO "municipios" ("id", "provincia_id", "title", "prosp_urbana")
VALUES (75, 7, 'Sagua la Grande', 26.88);

INSERT INTO "municipios" ("id", "provincia_id", "title", "prosp_urbana")
VALUES (76, 7, 'Encrucijada', 17.01);

INSERT INTO "municipios" ("id", "provincia_id", "title", "prosp_urbana")
VALUES (77, 7, 'Camajuaní', 30.99);

INSERT INTO "municipios" ("id", "provincia_id", "title", "prosp_urbana")
VALUES (78, 7, 'Caibarién', 21.58);

INSERT INTO "municipios" ("id", "provincia_id", "title", "prosp_urbana")
VALUES (79, 7, 'Remedios', 23.29);

INSERT INTO "municipios" ("id", "provincia_id", "title", "prosp_urbana")
VALUES (80, 7, 'Placetas', 34.29);

INSERT INTO "municipios" ("id", "provincia_id", "title", "prosp_urbana")
VALUES (81, 7, 'Santa Clara', 127.71);

INSERT INTO "municipios" ("id", "provincia_id", "title", "prosp_urbana")
VALUES (82, 7, 'Cifuentes', 14.15);

INSERT INTO "municipios" ("id", "provincia_id", "title", "prosp_urbana")
VALUES (83, 7, 'Santo Domingo', 25.87);

INSERT INTO "municipios" ("id", "provincia_id", "title", "prosp_urbana")
VALUES (84, 7, 'Ranchuelo', 27.74);

INSERT INTO "municipios" ("id", "provincia_id", "title", "prosp_urbana")
VALUES (85, 7, 'Manicaragua', 34.15);

INSERT INTO "municipios" ("id", "provincia_id", "title", "prosp_urbana")
VALUES (86, 6, 'Aguada de Pasajeros', 13.47);

INSERT INTO "municipios" ("id", "provincia_id", "title", "prosp_urbana")
VALUES (87, 6, 'Rodas', 14.62);

INSERT INTO "municipios" ("id", "provincia_id", "title", "prosp_urbana")
VALUES (88, 6, 'Palmira', 14.07);

INSERT INTO "municipios" ("id", "provincia_id", "title", "prosp_urbana")
VALUES (89, 6, 'Lajas', 9.2);

INSERT INTO "municipios" ("id", "provincia_id", "title", "prosp_urbana")
VALUES (90, 6, 'Cruces', 12.73);

INSERT INTO "municipios" ("id", "provincia_id", "title", "prosp_urbana")
VALUES (91, 6, 'Cumanayagua', 20.85);

INSERT INTO "municipios" ("id", "provincia_id", "title", "prosp_urbana")
VALUES (92, 6, 'Cienfuegos', 77.42);

INSERT INTO "municipios" ("id", "provincia_id", "title", "prosp_urbana")
VALUES (93, 6, 'Abreus', 13.32);

INSERT INTO "municipios" ("id", "provincia_id", "title", "prosp_urbana")
VALUES (94, 8, 'Yaguajay', 25.59);

INSERT INTO "municipios" ("id", "provincia_id", "title", "prosp_urbana")
VALUES (95, 8, 'Jatibonico', 20.06);

INSERT INTO "municipios" ("id", "provincia_id", "title", "prosp_urbana")
VALUES (96, 8, 'Taguasco', 15.92);

INSERT INTO "municipios" ("id", "provincia_id", "title", "prosp_urbana")
VALUES (97, 8, 'Cabaiguán', 30.08);

INSERT INTO "municipios" ("id", "provincia_id", "title", "prosp_urbana")
VALUES (98, 8, 'Fomento', 14.9);

INSERT INTO "municipios" ("id", "provincia_id", "title", "prosp_urbana")
VALUES (99, 8, 'Trinidad', 36.34);

INSERT INTO "municipios" ("id", "provincia_id", "title", "prosp_urbana")
VALUES (100, 8, 'Sancti Spíritus', 66.38);

INSERT INTO "municipios" ("id", "provincia_id", "title", "prosp_urbana")
VALUES (101, 8, 'La Sierpe', 8.1);

INSERT INTO "municipios" ("id", "provincia_id", "title", "prosp_urbana")
VALUES (102, 9, 'Chambas', 15.62);

INSERT INTO "municipios" ("id", "provincia_id", "title", "prosp_urbana")
VALUES (103, 9, 'Morón', 28.84);

INSERT INTO "municipios" ("id", "provincia_id", "title", "prosp_urbana")
VALUES (104, 9, 'Bolivia', 6.53);

INSERT INTO "municipios" ("id", "provincia_id", "title", "prosp_urbana")
VALUES (105, 9, '1ro de Enero', 9.68);

INSERT INTO "municipios" ("id", "provincia_id", "title", "prosp_urbana")
VALUES (106, 9, 'Ciro Redondo', 12.73);

INSERT INTO "municipios" ("id", "provincia_id", "title", "prosp_urbana")
VALUES (107, 9, 'Florencia', 7.98);

INSERT INTO "municipios" ("id", "provincia_id", "title", "prosp_urbana")
VALUES (108, 9, 'Majagua', 10.66);

INSERT INTO "municipios" ("id", "provincia_id", "title", "prosp_urbana")
VALUES (109, 9, 'Ciego de Avila', 64.04);

INSERT INTO "municipios" ("id", "provincia_id", "title", "prosp_urbana")
VALUES (110, 9, 'Venezuela', 11.02);

INSERT INTO "municipios" ("id", "provincia_id", "title", "prosp_urbana")
VALUES (111, 9, 'Baraguá', 13.6);

INSERT INTO "municipios" ("id", "provincia_id", "title", "prosp_urbana")
VALUES (112, 11, 'Carlos M. de Céspedes', 5.78);

INSERT INTO "municipios" ("id", "provincia_id", "title", "prosp_urbana")
VALUES (113, 11, 'Esmeralda', 7.11);

INSERT INTO "municipios" ("id", "provincia_id", "title", "prosp_urbana")
VALUES (114, 11, 'Sierra de Cubitas', 4.57);

INSERT INTO "municipios" ("id", "provincia_id", "title", "prosp_urbana")
VALUES (115, 11, 'Minas', 8.89);

INSERT INTO "municipios" ("id", "provincia_id", "title", "prosp_urbana")
VALUES (116, 11, 'Nuevitas', 14.74);

INSERT INTO "municipios" ("id", "provincia_id", "title", "prosp_urbana")
VALUES (117, 11, 'Guáimaro', 8.83);

INSERT INTO "municipios" ("id", "provincia_id", "title", "prosp_urbana")
VALUES (118, 11, 'Sibanicú', 7.24);

INSERT INTO "municipios" ("id", "provincia_id", "title", "prosp_urbana")
VALUES (119, 11, 'Camagüey', 76.73);

INSERT INTO "municipios" ("id", "provincia_id", "title", "prosp_urbana")
VALUES (120, 11, 'Florida', 16.88);

INSERT INTO "municipios" ("id", "provincia_id", "title", "prosp_urbana")
VALUES (121, 11, 'Vertientes', 12.14);

INSERT INTO "municipios" ("id", "provincia_id", "title", "prosp_urbana")
VALUES (122, 11, 'Jimaguayú', 4.99);

INSERT INTO "municipios" ("id", "provincia_id", "title", "prosp_urbana")
VALUES (123, 11, 'Najasa', 3.78);

INSERT INTO "municipios" ("id", "provincia_id", "title", "prosp_urbana")
VALUES (124, 11, 'Santa Cruz del Sur', 10.42);

INSERT INTO "municipios" ("id", "provincia_id", "title", "prosp_urbana")
VALUES (125, 10, 'Manatí', 9.51);

INSERT INTO "municipios" ("id", "provincia_id", "title", "prosp_urbana")
VALUES (126, 10, 'Puerto Padre', 28.91);

INSERT INTO "municipios" ("id", "provincia_id", "title", "prosp_urbana")
VALUES (127, 10, 'Jesús Menéndez', 15.34);

INSERT INTO "municipios" ("id", "provincia_id", "title", "prosp_urbana")
VALUES (128, 10, 'Majibacoa', 13.23);

INSERT INTO "municipios" ("id", "provincia_id", "title", "prosp_urbana")
VALUES (129, 10, 'Las Tunas', 66.32);

INSERT INTO "municipios" ("id", "provincia_id", "title", "prosp_urbana")
VALUES (130, 10, 'Jobabo', 13.67);

INSERT INTO "municipios" ("id", "provincia_id", "title", "prosp_urbana")
VALUES (131, 10, 'Colombia', 10.37);

INSERT INTO "municipios" ("id", "provincia_id", "title", "prosp_urbana")
VALUES (132, 10, 'Amancio', 12.3);

INSERT INTO "municipios" ("id", "provincia_id", "title", "prosp_urbana")
VALUES (133, 12, 'Gibara', 23.05);

INSERT INTO "municipios" ("id", "provincia_id", "title", "prosp_urbana")
VALUES (134, 12, 'Rafael Freire', 18.01);

INSERT INTO "municipios" ("id", "provincia_id", "title", "prosp_urbana")
VALUES (135, 12, 'Banes', 25.81);

INSERT INTO "municipios" ("id", "provincia_id", "title", "prosp_urbana")
VALUES (136, 12, 'Antillas', 4.11);

INSERT INTO "municipios" ("id", "provincia_id", "title", "prosp_urbana")
VALUES (137, 12, 'Báguanos', 15.89);

INSERT INTO "municipios" ("id", "provincia_id", "title", "prosp_urbana")
VALUES (138, 12, 'Holguín', 116.02);

INSERT INTO "municipios" ("id", "provincia_id", "title", "prosp_urbana")
VALUES (139, 12, 'Calixto García', 17.84);

INSERT INTO "municipios" ("id", "provincia_id", "title", "prosp_urbana")
VALUES (140, 12, 'Cacocúm', 13.32);

INSERT INTO "municipios" ("id", "provincia_id", "title", "prosp_urbana")
VALUES (141, 12, 'Urbano Noris', 13.06);

INSERT INTO "municipios" ("id", "provincia_id", "title", "prosp_urbana")
VALUES (142, 12, 'Cueto', 10.51);

INSERT INTO "municipios" ("id", "provincia_id", "title", "prosp_urbana")
VALUES (143, 12, 'Mayarí', 32.02);

INSERT INTO "municipios" ("id", "provincia_id", "title", "prosp_urbana")
VALUES (144, 12, 'Frank País', 7.76);

INSERT INTO "municipios" ("id", "provincia_id", "title", "prosp_urbana")
VALUES (145, 12, 'Sagua de Tánamo', 15.17);

INSERT INTO "municipios" ("id", "provincia_id", "title", "prosp_urbana")
VALUES (146, 12, 'Moa', 25.28);

INSERT INTO "municipios" ("id", "provincia_id", "title", "prosp_urbana")
VALUES (147, 13, 'Río Cauto', 15.13);

INSERT INTO "municipios" ("id", "provincia_id", "title", "prosp_urbana")
VALUES (148, 13, 'Cauto Cristo', 6.54);

INSERT INTO "municipios" ("id", "provincia_id", "title", "prosp_urbana")
VALUES (149, 13, 'Jiguaní', 18.93);

INSERT INTO "municipios" ("id", "provincia_id", "title", "prosp_urbana")
VALUES (150, 13, 'Bayamo', 75.95);

INSERT INTO "municipios" ("id", "provincia_id", "title", "prosp_urbana")
VALUES (151, 13, 'Yara', 18.18);

INSERT INTO "municipios" ("id", "provincia_id", "title", "prosp_urbana")
VALUES (152, 13, 'Manzanillo', 40.37);

INSERT INTO "municipios" ("id", "provincia_id", "title", "prosp_urbana")
VALUES (153, 13, 'Campechuela', 13.86);

INSERT INTO "municipios" ("id", "provincia_id", "title", "prosp_urbana")
VALUES (154, 13, 'Media Luna', 10.53);

INSERT INTO "municipios" ("id", "provincia_id", "title", "prosp_urbana")
VALUES (155, 13, 'Niquero', 13.39);

INSERT INTO "municipios" ("id", "provincia_id", "title", "prosp_urbana")
VALUES (156, 13, 'Pilón', 9.37);

INSERT INTO "municipios" ("id", "provincia_id", "title", "prosp_urbana")
VALUES (157, 13, 'Bartolome Masó', 15.6);

INSERT INTO "municipios" ("id", "provincia_id", "title", "prosp_urbana")
VALUES (158, 13, 'Buey Arriba', 9.94);

INSERT INTO "municipios" ("id", "provincia_id", "title", "prosp_urbana")
VALUES (159, 13, 'Guisa', 14.89);

INSERT INTO "municipios" ("id", "provincia_id", "title", "prosp_urbana")
VALUES (160, 14, 'Contramaestre', 31.46);

INSERT INTO "municipios" ("id", "provincia_id", "title", "prosp_urbana")
VALUES (161, 14, 'Mella', 10.54);

INSERT INTO "municipios" ("id", "provincia_id", "title", "prosp_urbana")
VALUES (162, 14, 'San Luis', 23.51);

INSERT INTO "municipios" ("id", "provincia_id", "title", "prosp_urbana")
VALUES (163, 14, 'Segundo Frente', 11.84);

INSERT INTO "municipios" ("id", "provincia_id", "title", "prosp_urbana")
VALUES (164, 14, 'Songo - La Maya', 27.52);

INSERT INTO "municipios" ("id", "provincia_id", "title", "prosp_urbana")
VALUES (165, 14, 'Santiago de Cuba', 150.39);

INSERT INTO "municipios" ("id", "provincia_id", "title", "prosp_urbana")
VALUES (166, 14, 'Palma Soriano', 36.11);

INSERT INTO "municipios" ("id", "provincia_id", "title", "prosp_urbana")
VALUES (167, 14, 'Tercer Frente', 9.19);

INSERT INTO "municipios" ("id", "provincia_id", "title", "prosp_urbana")
VALUES (168, 14, 'Guamá', 10.2);

INSERT INTO "municipios" ("id", "provincia_id", "title", "prosp_urbana")
VALUES (169, 15, 'El Salvador', 29.45);

INSERT INTO "municipios" ("id", "provincia_id", "title", "prosp_urbana")
VALUES (170, 15, 'Manuel Tames', 26.3);

INSERT INTO "municipios" ("id", "provincia_id", "title", "prosp_urbana")
VALUES (171, 15, 'Yateras', 13.4);

INSERT INTO "municipios" ("id", "provincia_id", "title", "prosp_urbana")
VALUES (172, 15, 'Baracoa', 54.96);

INSERT INTO "municipios" ("id", "provincia_id", "title", "prosp_urbana")
VALUES (173, 15, 'Maisí', 19.47);

INSERT INTO "municipios" ("id", "provincia_id", "title", "prosp_urbana")
VALUES (174, 15, 'Imias', 14.51);

INSERT INTO "municipios" ("id", "provincia_id", "title", "prosp_urbana")
VALUES (175, 15, 'San Antonio del Sur', 17.44);

INSERT INTO "municipios" ("id", "provincia_id", "title", "prosp_urbana")
VALUES (176, 15, 'Caimanera', 7.89);

INSERT INTO "municipios" ("id", "provincia_id", "title", "prosp_urbana")
VALUES (177, 15, 'Guantánamo', 156.07);

INSERT INTO "municipios" ("id", "provincia_id", "title", "prosp_urbana")
VALUES (178, 15, 'Niceto Pérez', 11.57);

INSERT INTO "municipios" ("id", "provincia_id", "title", "prosp_urbana")
VALUES (179, 16, 'Isla de la Juventud', 33.71);



/* Data for the `variables` table  (Records 1 - 14) */


INSERT INTO "variables" ("id", "cod", "title", "influencia", "visible")
VALUES (1, 'Au', 'Area util interior y exterior', 0.0675, false);

INSERT INTO "variables" ("id", "cod", "title", "influencia", "visible")
VALUES (2, 'Tc', 'Solución técnico constructiva', 0.0654, true);

INSERT INTO "variables" ("id", "cod", "title", "influencia", "visible")
VALUES (3, 'Ec', 'Estado de conservación y edad de la vivienda', 0.0709, true);

INSERT INTO "variables" ("id", "cod", "title", "influencia", "visible")
VALUES (4, 'Cf', 'Confort ambiental y eficiencia energética', 0.0724, true);

INSERT INTO "variables" ("id", "cod", "title", "influencia", "visible")
VALUES (5, 'Cr', 'Colindancia, privacidad y relacion con la calle', 0.0663, true);

INSERT INTO "variables" ("id", "cod", "title", "influencia", "visible")
VALUES (6, 'Ds', 'Distancia vivienda - servicios publicos', 0.0651, true);

INSERT INTO "variables" ("id", "cod", "title", "influencia", "visible")
VALUES (7, 'Vs', 'Visuales desde la vivienda y calidad del paisaje', 0.0585, true);

INSERT INTO "variables" ("id", "cod", "title", "influencia", "visible")
VALUES (8, 'Iu', 'Calidad de infraestructura urbana', 0.0756, true);

INSERT INTO "variables" ("id", "cod", "title", "influencia", "visible")
VALUES (9, 'Rd', 'Riesgos de desastres', 0.072, true);

INSERT INTO "variables" ("id", "cod", "title", "influencia", "visible")
VALUES (10, 'Pu', 'Prosperidad urbana', 0.065, false);

INSERT INTO "variables" ("id", "cod", "title", "influencia", "visible")
VALUES (11, 'Sc', 'Seguridad ciudadana', 0.0754, true);

INSERT INTO "variables" ("id", "cod", "title", "influencia", "visible")
VALUES (12, 'Fp', 'Flexibilidad y progresividad', 0.0607, true);

INSERT INTO "variables" ("id", "cod", "title", "influencia", "visible")
VALUES (13, 'De', 'Calidad de diseño y estética', 0.0625, true);

INSERT INTO "variables" ("id", "cod", "title", "influencia", "visible")
VALUES (14, 'Mh', 'Menaje del hogar', 0.0557, true);


/* Data for the `home_types` table  (Records 1 - 6) */


INSERT INTO "home_types" ("id", "title", "value")
VALUES (1, 'Aislada', 100);

INSERT INTO "home_types" ("id", "title", "value")
VALUES (2, 'Pareada', 70);

INSERT INTO "home_types" ("id", "title", "value")
VALUES (3, 'Medianera', 60);

INSERT INTO "home_types" ("id", "title", "value")
VALUES (4, 'Biplanta', 80);

INSERT INTO "home_types" ("id", "title", "value")
VALUES (5, 'Apartamento', 40);

INSERT INTO "home_types" ("id", "title", "value")
VALUES (6, 'Pent house', 90);


/* Data for the `plans` table  (Records 1 - 4) */


INSERT INTO "plans" ("id", "title", "ranking")
VALUES (1, 'premium', 2);

INSERT INTO "plans" ("id", "title", "ranking")
VALUES (2, 'BÁSICO', 3);

INSERT INTO "plans" ("id", "title", "ranking")
VALUES (3, 'PREMIUM PLUS', 1);

INSERT INTO "plans" ("id", "title", "ranking")
VALUES (4, 'gratis', 4);
